﻿{"cameraMode":{"drawMode":0,"name":"Shaded","section":"Shading Mode"},"sceneLighting":true,"audioPlay":false,"sceneViewState":{"showFog":true,"showMaterialUpdate":false,"showSkybox":true,"showFlares":true,"showImageEffects":true,"showParticleSystems":true,"showVisualEffectGraphs":true,"m_FxEnabled":true},"in2DMode":false,"pivot":{"x":25.65871238708496,"y":-0.23803770542144776,"z":12.270451545715332},"rotation":{"x":0.16403716802597047,"y":-0.07805175334215164,"z":0.013023564592003823,"w":0.9833117723464966},"size":7.635117053985596,"orthographic":false}