﻿{"cameraMode":{"drawMode":0,"name":"Shaded","section":"Shading Mode"},"sceneLighting":false,"audioPlay":false,"sceneViewState":{"showFog":false,"showMaterialUpdate":false,"showSkybox":false,"showFlares":false,"showImageEffects":false,"showParticleSystems":false,"showVisualEffectGraphs":true,"m_FxEnabled":true},"in2DMode":false,"pivot":{"x":0.0,"y":0.896784782409668,"z":-0.039620280265808108},"rotation":{"x":0.25445184111595156,"y":0.029008058831095697,"z":-0.007635647896677256,"w":0.9666229486465454},"size":1.4995677471160889,"orthographic":false}